Year,Global_Sales,Publisher
2006,82.74,0
1985,40.24,0
2008,35.82,0
2009,33.0,0
1996,31.37,0
1989,30.26,0
2006,30.01,0
2006,29.02,0
2009,28.62,0
1984,28.31,0
2005,24.76,0
2005,23.42,0
1999,23.1,0
2007,22.72,0
2009,22.0,0
1990,20.61,0
2005,20.22,0
2006,18.36,0
1989,18.14,0
1988,17.28,0
2002,15.85,0
2010,15.32,0
2005,15.3,0
2001,14.98,3
2011,14.76,2
1998,14.64,0
2010,14.64,2
2013,14.35,0
2012,14.03,2
2012,13.73,2
2009,13.51,2
2011,13.46,2
2008,13.04,0
2010,12.73,2
2005,12.27,0
2011,12.21,0
2009,11.9,0
1996,11.89,0
2004,11.66,3
2007,11.52,0
2014,11.33,0
1992,11.18,0
1997,10.95,3
2011,10.79,0
2010,10.77,3
2009,10.69,2
1993,10.55,0
2004,10.49,0
2004,10.42,0
2011,10.26,4
2013,10.21,2
1996,9.87,0
2012,9.82,0
1997,9.72,3
2013,9.59,2
2010,9.52,4
1999,9.49,3
2007,9.32,2
1994,9.3,0
2012,9.09,0
2007,9.02,0
1992,8.76,0
2010,8.49,0
2007,8.42,0
2012,8.33,0
2012,8.24,1
2009,8.11,1
1997,8.09,0
2001,8.05,3
2008,7.84,0
2010,7.69,0
2014,7.6,2
1998,7.6,0
1997,7.58,3
1988,7.46,0
2014,7.45,0
2008,7.37,2
2011,7.34,1
2006,7.31,0
2009,7.27,4
2011,7.23,1
2003,7.2,1
1998,7.16,3
1998,7.13,3
2001,7.07,0
2014,6.96,0
2003,6.95,0
2012,6.91,4
2013,6.9,1
2004,6.9,1
2002,6.83,1
2011,6.83,3
1996,6.82,3
2009,6.73,3
2007,6.72,2
2011,6.69,1
2005,6.67,0
2014,6.59,1
2010,6.59,0
1986,6.51,0
2012,6.5,4
2004,6.41,0
2002,6.4,3
2000,6.39,0
2002,6.31,0
2004,6.28,2
2008,5.92,3
2009,5.84,0
1996,5.74,3
2014,5.65,2
1988,5.58,0
2009,5.57,4
1999,5.55,0
2007,5.55,4
2001,5.49,0
2001,5.47,0
2001,5.46,0
1999,5.45,0
2008,5.43,2
2014,5.42,3
1989,5.34,0
1999,5.31,0
2012,5.3,4
2003,5.29,1
1999,5.27,0
2009,5.27,4
2007,5.26,0
2012,5.2,2
2003,5.2,0
2012,5.19,0
1994,5.19,0
2012,5.18,1
2007,5.17,0
1995,5.15,0
2013,5.15,0
2003,5.13,1
1992,5.13,0
2014,5.13,2
2010,5.08,1
1999,5.07,0
1999,5.02,2
2014,5.02,0
1998,5.0,3
2007,5.0,0
2007,4.98,2
2007,4.96,0
2007,4.94,3
2005,4.91,1
1997,4.88,0
1990,4.85,0
2010,4.84,3
2010,4.83,2
2007,4.83,4
2014,4.82,1
1999,4.79,3
2000,4.68,2
2008,4.68,0
2002,4.67,1
2007,4.62,2
1991,4.61,0
2002,4.6,0
2013,4.58,0
2014,4.55,3
2007,4.53,2
2004,4.53,1
1981,4.5,2
2006,4.49,1
2002,4.48,2
2014,4.45,2
2005,4.45,3
2012,4.44,0
2010,4.42,4
2001,4.41,2
1987,4.38,0
2005,4.37,1
2006,4.35,3
2013,4.31,1
2014,4.31,2
2013,4.25,0
2011,4.24,4
2006,4.22,3
1995,4.21,2
2011,4.21,0
2005,4.21,1
2003,4.2,3
2007,4.2,3
2011,4.19,4
2011,4.19,1
1984,4.16,0
2002,4.14,1
2014,4.14,4
1995,4.12,0
2006,4.11,1
2011,4.1,0
2007,4.09,2
2007,4.07,3
1996,4.05,3
2014,4.03,4
1997,4.03,0
1984,4.01,0
2007,4.0,0
2009,3.99,1
2009,3.92,1
2014,3.92,4
1994,3.91,0
2003,3.9,2
2013,3.89,4
2014,3.89,0
2006,3.88,3
2010,3.87,3
2007,3.84,0
1995,3.84,3
1992,3.83,0
2009,3.83,0
2007,3.82,0
2011,3.81,0
2008,3.78,2
2007,3.77,3
2013,3.76,4
2002,3.76,1
2007,3.76,0
2001,3.73,1
2000,3.71,3
2004,3.7,1
1998,3.7,0
2013,3.69,1
2007,3.69,1
2009,3.67,0
2002,3.67,2
1998,3.65,0
2002,3.65,3
2008,3.65,2
2013,3.64,3
2001,3.64,3
1999,3.63,0
2009,3.63,1
2013,3.63,2
2001,3.61,1
2001,3.6,0
2002,3.54,3
2001,3.53,1
2013,3.53,1
2010,3.53,1
1999,3.52,3
2008,3.52,1
1996,3.51,0
2010,3.5,4
1985,3.5,0
2006,3.5,0
2010,3.48,1
2008,3.48,2
2014,3.46,4
2012,3.45,4
2013,3.43,1
2011,3.42,3
2004,3.41,2
1990,3.41,0
2002,3.4,1
2000,3.39,3
2009,3.38,0
2000,3.36,0
2008,3.36,0
2013,3.34,4
2006,3.33,0
2002,3.33,1
2002,3.33,3
2012,3.32,0
2003,3.28,1
2014,3.28,2
2003,3.27,2
2008,3.27,0
2009,3.27,3
1995,3.24,3
2014,3.22,0
1999,3.21,1
1983,3.2,0
1995,3.2,0
2008,3.19,3
2008,3.17,0
2001,3.15,0
2007,3.14,1
2000,3.13,2
1998,3.12,1
1999,3.12,0
2006,3.12,0
2007,3.12,4
2010,3.12,3
2010,3.11,1
2014,3.11,1
2001,3.08,1
2013,3.07,0
1994,3.07,0
2002,3.07,1
2012,3.07,1
2008,3.05,2
2012,3.04,4
1995,3.03,4
2009,3.02,3
2002,3.02,4
1987,3.02,0
1993,2.99,0
2000,2.99,1
2010,2.97,1
2014,2.97,1
2011,2.97,1
2008,2.96,0
1996,2.94,0
2003,2.94,3
2009,2.94,3
2006,2.92,0
2002,2.91,0
2013,2.9,1
2014,2.9,1
2012,2.89,1
2001,2.89,3
2004,2.89,2
1999,2.88,3
2007,2.88,4
2013,2.86,2
2012,2.86,1
2002,2.86,4
1990,2.85,0
1997,2.85,0
2011,2.85,2
2010,2.84,4
2009,2.83,1
2010,2.83,1
2002,2.82,0
2010,2.81,1
2007,2.81,4
2006,2.8,0
1997,2.79,3
2011,2.79,3
1998,2.79,3
2011,2.79,1
2001,2.79,1
2009,2.79,0
2011,2.79,0
2003,2.78,3
2014,2.78,3
2003,2.78,3
2003,2.77,1
1992,2.75,0
2013,2.74,4
2000,2.73,0
1986,2.73,0
2006,2.71,2
2002,2.7,0
1998,2.7,0
2011,2.69,1
2010,2.69,1
2010,2.69,0
2010,2.68,1
2004,2.68,1
2009,2.68,1
2005,2.67,2
2008,2.67,2
1998,2.67,1
2003,2.65,4
2012,2.65,2
2006,2.65,1
1986,2.65,0
1996,2.65,0
2006,2.63,3
2009,2.63,3
2007,2.62,0
2010,2.62,1
2009,2.62,1
2008,2.61,0
2002,2.61,1
2010,2.6,0
2008,2.59,1
2007,2.59,3
2004,2.59,1
2009,2.58,3
2013,2.58,3
2004,2.57,3
2010,2.57,0
2009,2.57,1
2007,2.57,1
2012,2.56,1
2003,2.54,0
2008,2.54,1
2000,2.52,0
2006,2.5,2
1999,2.5,0
2008,2.48,3
2002,2.47,0
1996,2.44,3
2006,2.44,1
2003,2.43,1
2008,2.42,4
1988,2.42,0
2001,2.41,3
2007,2.41,1
1987,2.4,0
1997,2.4,1
2010,2.38,1
2007,2.37,1
2004,2.37,2
2009,2.37,1
1995,2.36,0
1996,2.35,0
2013,2.34,2
2008,2.34,4
2010,2.33,1
2010,2.32,4
2000,2.32,0
2004,2.31,1
2004,2.31,0
1999,2.31,1
2008,2.3,0
2013,2.29,3
2004,2.28,1
2014,2.28,4
1983,2.28,0
2008,2.28,1
2012,2.27,0
2002,2.27,0
2001,2.26,0
2007,2.26,2
2004,2.25,0
2011,2.25,1
2009,2.25,0
2008,2.23,2
2013,2.22,0
2003,2.22,4
1998,2.22,0
2010,2.22,1
2013,2.21,4
2008,2.2,1
2007,2.2,2
2000,2.2,0
2003,2.19,2
1992,2.19,0
2000,2.19,0
2013,2.18,1
2006,2.18,0
2003,2.17,0
1998,2.17,0
1984,2.17,0
2001,2.16,1
2009,2.16,4
2000,2.15,3
1987,2.15,0
2014,2.15,1
2007,2.14,2
1996,2.14,0
1983,2.14,0
1988,2.14,0
2006,2.13,0
2010,2.12,0
1989,2.12,0
2000,2.11,2
2002,2.11,1
2010,2.11,0
2005,2.1,1
2006,2.09,1
2010,2.08,2
2008,2.08,1
2003,2.08,0
1998,2.08,1
1994,2.08,2
2010,2.08,1
2007,2.06,1
2010,2.06,1
2010,2.06,4
2005,2.06,0
2013,2.06,0
2007,2.05,1
2005,2.05,0
2013,2.05,2
2008,2.04,4
2006,2.04,3
2005,2.04,4
2003,2.04,0
2011,2.04,1
2014,2.03,1
1998,2.03,0
2011,2.03,4
2003,2.03,1
2008,2.02,1
2005,2.02,2
2014,2.02,1
2012,2.0,0
2014,2.0,3
1993,2.0,0
1997,1.99,2
1989,1.99,0
2002,1.99,1
2002,1.98,1
1991,1.98,0
2013,1.98,1
2014,1.97,1
2008,1.97,2
2008,1.97,1
2004,1.96,3
1986,1.96,0
1985,1.96,0
2006,1.96,0
2006,1.96,4
2014,1.95,2
2003,1.95,1
2003,1.94,1
2008,1.94,1
1989,1.94,0
1997,1.94,3
2002,1.94,4
2004,1.93,2
2008,1.93,2
1998,1.93,0
2014,1.93,4
2008,1.93,0
2001,1.92,0
2009,1.92,1
2008,1.92,1
2003,1.92,1
1996,1.92,3
2000,1.91,0
2013,1.89,1
2008,1.89,1
2013,1.89,0
2009,1.88,3
1999,1.88,3
2005,1.88,1
2002,1.87,0
1998,1.87,1
2013,1.87,0
2001,1.86,0
2005,1.86,1
2004,1.86,2
1999,1.86,3
2004,1.86,3
2014,1.86,3
2001,1.86,1
2010,1.86,2
2013,1.85,0
2004,1.85,3
2007,1.85,4
1984,1.85,0
2011,1.85,3
2005,1.84,1
1998,1.83,0
2012,1.83,2
1996,1.83,3
2007,1.83,1
1995,1.83,3
2014,1.82,0
2001,1.82,1
2007,1.82,0
2010,1.81,0
2004,1.81,3
2008,1.8,2
2006,1.8,1
2013,1.79,3
2004,1.78,3
2011,1.78,0
2013,1.77,0
2013,1.77,0
2013,1.77,1
2000,1.77,0
1991,1.76,0
2001,1.76,0
1986,1.76,0
2004,1.76,1
2002,1.76,4
2004,1.76,1
2007,1.76,1
2001,1.76,2
1998,1.75,1
2004,1.75,2
1991,1.75,0
1993,1.75,0
1996,1.74,0
1998,1.74,1
2014,1.74,2
2011,1.74,3
2014,1.73,2
2001,1.73,1
2001,1.73,1
2008,1.72,2
2008,1.72,4
2011,1.72,2
2004,1.72,1
2003,1.72,4
2010,1.71,1
1998,1.71,2
2003,1.71,1
2006,1.71,0
2014,1.7,4
2009,1.7,1
2007,1.7,0
2011,1.7,0
2006,1.7,1
2005,1.69,3
1999,1.69,3
2009,1.69,1
2001,1.69,1
2008,1.69,1
2012,1.69,2
1997,1.68,3
1992,1.68,0
2003,1.68,1
2007,1.68,1
2002,1.68,0
2008,1.67,4
2003,1.67,1
2000,1.67,1
2006,1.67,1
2005,1.67,2
2001,1.67,2
2013,1.67,2
2003,1.67,1
2007,1.66,3
2000,1.66,1
2006,1.66,1
2002,1.66,1
2004,1.65,0
1991,1.65,0
2008,1.65,1
2004,1.64,0
2002,1.64,1
2005,1.64,1
2004,1.64,4
2001,1.63,0
2003,1.63,1
1999,1.63,3
2004,1.62,1
2005,1.62,2
2006,1.62,0
2003,1.62,0
1998,1.62,1
2006,1.61,0
2004,1.61,1
1989,1.61,0
2005,1.61,0
2005,1.61,3
2014,1.61,4
2011,1.6,2
2008,1.6,4
1981,1.6,2
1996,1.59,2
2006,1.59,0
1996,1.59,3
2008,1.59,4
1999,1.59,1
2008,1.58,2
2008,1.58,1
2000,1.58,3
2012,1.58,1
2009,1.58,2
2009,1.58,0
2001,1.57,1
2005,1.57,0
2006,1.56,1
1988,1.56,0
1995,1.56,3
2003,1.56,0
2003,1.55,4
2000,1.55,1
2001,1.55,2
2014,1.55,4
2000,1.54,3
2003,1.54,2
2006,1.54,4
2005,1.54,1
2012,1.53,2
2009,1.53,1
2008,1.53,1
2007,1.53,1
2009,1.53,2
2003,1.53,0
1997,1.53,1
2014,1.52,0
2011,1.52,1
1997,1.52,1
2002,1.52,1
1996,1.52,1
1984,1.52,0
1998,1.52,1
1998,1.52,1
2006,1.52,2
2014,1.51,1
2001,1.51,1
1997,1.51,1
2007,1.51,1
2011,1.5,3
2000,1.5,1
1985,1.5,0
2003,1.49,0
2002,1.49,1
2008,1.49,1
2000,1.49,0
2006,1.49,3
2008,1.49,2
2010,1.49,1
2009,1.48,0
1990,1.48,0
1997,1.48,0
2011,1.48,1
2004,1.48,1
2004,1.48,4
2007,1.47,4
2012,1.47,4
2008,1.47,4
1999,1.47,0
2006,1.47,1
2012,1.47,3
2012,1.46,4
2008,1.46,1
2005,1.46,0
2012,1.46,1
2012,1.46,1
2013,1.46,0
2013,1.45,2
2011,1.45,4
2007,1.45,1
1984,1.45,0
2008,1.45,1
2005,1.45,2
2007,1.45,4
2007,1.44,3
2013,1.44,1
1996,1.44,0
2014,1.44,4
2006,1.44,4
2013,1.44,1
2004,1.44,1
2011,1.44,1
2002,1.44,1
2009,1.43,2
2008,1.43,1
2004,1.43,0
1999,1.43,1
2002,1.42,2
2005,1.42,1
2004,1.42,0
2004,1.42,1
1994,1.42,0
2008,1.42,1
2009,1.42,0
2009,1.41,1
2014,1.41,1
2004,1.41,3
2010,1.41,0
1999,1.41,1
2003,1.41,3
2001,1.41,3
2004,1.41,1
2010,1.4,2
2002,1.4,2
2008,1.4,1
1996,1.4,3
2008,1.4,4
2013,1.4,1
2001,1.39,1
2009,1.39,2
2003,1.38,2
2005,1.38,1
2000,1.38,0
2012,1.38,0
2014,1.38,1
2009,1.38,1
2011,1.38,1
2014,1.37,4
1998,1.37,2
2008,1.37,3
2004,1.37,2
1998,1.37,0
2004,1.36,4
2008,1.36,1
2008,1.36,3
2014,1.36,0
2002,1.36,1
1997,1.35,1
2008,1.35,1
2007,1.35,1
2008,1.35,1
2004,1.35,1
2008,1.35,4
2011,1.35,1
2004,1.35,3
2007,1.35,1
2011,1.35,3
2005,1.34,0
2005,1.34,2
2004,1.34,0
2006,1.34,1
2000,1.34,1
2004,1.34,1
2004,1.33,3
2010,1.33,4
2013,1.33,2
2002,1.33,2
2000,1.33,2
2003,1.33,1
2000,1.33,1
2004,1.33,0
2007,1.33,4
2010,1.33,0
2005,1.32,1
2008,1.32,2
1985,1.32,0
2010,1.32,3
1996,1.32,1
2012,1.32,2
2009,1.31,2
2005,1.31,2
1983,1.31,2
2008,1.31,4
2004,1.31,1
2011,1.3,1
2006,1.3,1
2005,1.3,3
2007,1.3,1
2010,1.3,1
2006,1.29,1
2012,1.29,1
2005,1.29,1
2008,1.29,2
2008,1.29,0
2014,1.28,4
2008,1.28,4
1989,1.28,0
2012,1.28,0
2005,1.27,1
1995,1.27,1
2012,1.27,0
2003,1.27,2
1984,1.27,0
2004,1.27,3
1994,1.27,3
2008,1.26,2
2014,1.26,0
2006,1.26,1
2008,1.25,3
2000,1.25,1
2007,1.25,4
2005,1.25,0
2006,1.25,1
2004,1.25,4
1998,1.25,1
2005,1.24,3
2007,1.24,2
2007,1.24,0
2009,1.24,2
2009,1.24,4
1992,1.24,0
2005,1.24,2
2010,1.23,1
2003,1.23,3
2008,1.23,2
2007,1.23,1
2000,1.23,0
1998,1.23,2
2004,1.23,0
2003,1.23,0
2008,1.23,1
2007,1.23,1
2004,1.22,0
1997,1.22,3
1997,1.22,0
1999,1.22,0
1997,1.22,1
2002,1.22,0
1998,1.22,1
2004,1.21,2
2010,1.21,1
2002,1.21,3
2009,1.21,2
2003,1.21,1
1997,1.21,1
2006,1.21,1
2004,1.2,0
1989,1.2,0
2001,1.2,1
2006,1.2,0
2009,1.2,0
1997,1.19,1
2014,1.19,0
1998,1.19,0
1999,1.19,4
2013,1.19,1
2002,1.19,2
2004,1.19,0
2012,1.19,4
2000,1.18,0
2001,1.18,2
2008,1.17,1
1996,1.17,1
2011,1.17,4
2008,1.17,1
2005,1.17,2
2002,1.17,1
2008,1.17,0
2012,1.17,1
1996,1.17,3
2003,1.17,1
2008,1.17,1
2004,1.17,0
2008,1.16,2
2009,1.16,1
2012,1.16,1
2004,1.16,4
2007,1.16,3
1997,1.16,3
2001,1.16,1
1999,1.16,0
2007,1.16,1
2011,1.16,4
2009,1.16,1
2014,1.16,1
1980,1.15,2
2007,1.15,2
1990,1.15,0
2011,1.15,3
2003,1.15,0
2011,1.15,1
2011,1.14,0
2003,1.14,2
2005,1.14,3
2007,1.14,3
2008,1.14,1
2009,1.14,4
1990,1.14,0
1991,1.14,0
2003,1.14,1
2009,1.14,2
2004,1.14,1
2010,1.13,3
2012,1.13,0
2004,1.13,4
1983,1.13,0
1998,1.13,3
2005,1.13,0
2011,1.12,1
2001,1.12,2
1996,1.12,0
2011,1.12,4
2005,1.12,3
2005,1.12,2
1992,1.12,0
2009,1.12,2
2004,1.12,2
2007,1.11,2
2005,1.11,4
1983,1.11,0
1995,1.11,3
2007,1.11,1
2013,1.11,0
2004,1.11,4
2009,1.1,2
1981,1.1,2
2007,1.1,1
1997,1.1,1
2007,1.1,4
1998,1.1,0
1983,1.1,0
2008,1.1,1
2001,1.1,1
2006,1.1,3
2006,1.1,3
2003,1.1,0
2005,1.1,2
1998,1.1,3
2008,1.09,4
2007,1.09,1
2009,1.09,1
2005,1.09,3
2003,1.09,1
2006,1.09,1
2009,1.09,1
2010,1.09,1
2012,1.09,2
2007,1.09,0
2003,1.08,1
2008,1.08,4
2009,1.08,1
2012,1.08,1
2010,1.08,1
2007,1.08,1
2004,1.08,4
2013,1.08,0
2008,1.08,1
2002,1.08,4
2005,1.08,0
2013,1.07,1
1999,1.07,3
2006,1.07,2
2008,1.07,4
2005,1.07,0
1997,1.07,1
2013,1.07,2
2005,1.07,3
1995,1.07,3
1999,1.07,1
1998,1.06,1
2002,1.06,1
2007,1.06,2
2005,1.06,1
2008,1.06,1
2008,1.06,2
2009,1.06,2
2004,1.06,2
2007,1.06,3
2014,1.05,4
2006,1.05,3
2014,1.05,2
2010,1.05,4
1996,1.05,3
2001,1.05,1
2007,1.05,4
2009,1.05,1
1998,1.05,3
2012,1.05,0
2007,1.05,1
2003,1.04,1
2003,1.04,0
2001,1.04,0
2009,1.04,2
2005,1.04,1
2011,1.04,0
2010,1.04,2
2007,1.04,4
2009,1.04,3
2005,1.04,3
2014,1.04,1
2007,1.03,1
2011,1.03,4
2003,1.03,1
2007,1.03,1
2011,1.02,1
2007,1.02,1
2007,1.02,4
2012,1.02,4
2004,1.02,2
2007,1.02,4
1997,1.02,1
2006,1.02,1
2004,1.02,1
2014,1.01,0
2008,1.01,4
2010,1.01,3
2010,1.01,2
2014,1.01,4
2009,1.0,1
2000,1.0,0
1991,1.0,0
1997,1.0,0
2008,1.0,4
1995,1.0,1
2000,1.0,3
1996,1.0,1
2013,1.0,4
2013,1.0,1
2008,1.0,4
2000,1.0,3
2013,0.99,1
2008,0.99,1
2013,0.99,4
2011,0.99,1
2009,0.99,2
2009,0.99,3
2000,0.99,3
2008,0.99,2
2009,0.99,1
2012,0.98,4
2010,0.98,0
2013,0.98,4
2005,0.98,0
1993,0.98,0
1998,0.98,1
2014,0.98,4
2011,0.98,4
2014,0.98,4
2013,0.98,4
2009,0.98,1
2009,0.98,1
2007,0.97,1
2005,0.97,1
2012,0.97,1
2003,0.97,0
2011,0.97,2
2003,0.97,1
2004,0.97,1
2000,0.97,1
2005,0.96,1
2002,0.96,3
1999,0.96,3
2012,0.96,3
2006,0.96,3
2000,0.96,1
2008,0.96,4
2012,0.96,4
2002,0.96,3
2011,0.96,0
2005,0.95,4
2014,0.95,4
2008,0.95,3
1996,0.95,3
2000,0.95,1
1999,0.95,1
2009,0.95,1
2011,0.95,2
2009,0.95,2
2010,0.95,1
2009,0.95,2
2011,0.95,0
2004,0.94,3
2011,0.94,0
2013,0.94,4
2012,0.94,4
2012,0.94,0
2005,0.94,1
2009,0.94,1
1999,0.94,3
2003,0.94,4
2003,0.94,3
2006,0.94,3
2002,0.93,1
2009,0.93,3
2002,0.93,2
2009,0.93,1
2008,0.93,3
2012,0.93,1
1999,0.93,2
2007,0.93,3
2014,0.93,2
2008,0.93,4
1999,0.93,4
2000,0.92,1
2010,0.92,1
1997,0.92,1
2012,0.92,1
2010,0.92,1
2010,0.92,1
2011,0.92,2
2008,0.92,2
1999,0.92,1
1985,0.92,0
2008,0.92,4
2013,0.92,0
2013,0.92,1
2012,0.92,3
1996,0.92,3
2002,0.91,2
2009,0.91,4
2008,0.91,4
2002,0.91,1
2009,0.91,2
2009,0.91,2
2008,0.91,2
2009,0.91,2
2014,0.91,1
2007,0.91,1
2002,0.9,1
2004,0.9,3
2011,0.9,3
2005,0.9,1
2008,0.9,3
2013,0.9,1
2006,0.9,3
2009,0.9,3
2011,0.9,1
1998,0.9,1
2007,0.9,2
2002,0.9,1
2008,0.9,1
2008,0.9,0
2012,0.9,3
2004,0.9,2
2004,0.9,1
2003,0.9,1
2005,0.89,2
2009,0.89,4
2006,0.89,3
2007,0.89,1
2005,0.89,1
2004,0.89,0
2012,0.89,3
2004,0.89,0
2001,0.89,0
2008,0.89,4
1997,0.89,3
2006,0.89,4
2009,0.89,2
2013,0.89,0
2012,0.89,1
2011,0.89,2
2000,0.89,3
2006,0.89,3
2011,0.88,4
2007,0.88,3
2009,0.88,0
2010,0.87,4
2003,0.87,4
2008,0.87,1
2012,0.87,1
2012,0.87,1
1996,0.87,3
2006,0.87,2
1998,0.87,1
2008,0.87,3
2008,0.87,4
2005,0.87,1
2002,0.87,1
2006,0.87,3
2010,0.87,2
2007,0.87,3
2009,0.86,3
1997,0.86,1
1998,0.86,3
2008,0.86,0
2010,0.86,1
2009,0.85,1
2007,0.85,1
2009,0.85,1
2008,0.85,1
2004,0.85,1
2010,0.85,1
2007,0.85,4
2007,0.85,1
2005,0.85,1
1995,0.85,3
2004,0.84,2
2010,0.84,0
2010,0.84,1
2008,0.84,4
2010,0.84,1
2011,0.84,1
2005,0.84,3
2004,0.84,0
2014,0.84,1
2013,0.84,1
1999,0.83,3
2008,0.83,4
2000,0.83,1
2011,0.83,1
2005,0.83,3
2008,0.83,4
2012,0.83,2
1998,0.83,3
2002,0.82,1
2005,0.82,2
2001,0.82,2
2006,0.82,2
2010,0.82,2
2002,0.82,1
1984,0.82,0
1996,0.82,0
2005,0.82,3
2010,0.82,2
2010,0.82,1
2008,0.82,4
2008,0.82,3
2013,0.82,1
2012,0.82,3
2007,0.81,3
2000,0.81,1
2010,0.81,1
2004,0.81,0
2004,0.81,4
1994,0.81,0
2009,0.81,1
2005,0.81,1
2009,0.81,2
2013,0.8,1
2011,0.8,1
2011,0.8,4
1997,0.8,1
2006,0.8,1
2012,0.8,2
2011,0.8,2
2007,0.8,1
2004,0.8,4
2007,0.8,4
2002,0.8,1
2009,0.8,2
2013,0.8,0
1993,0.8,0
2009,0.79,1
2011,0.79,4
2008,0.79,2
1994,0.79,3
2003,0.79,4
2009,0.79,3
2009,0.79,1
1999,0.79,1
2000,0.79,4
1998,0.79,0
2011,0.79,1
2007,0.79,1
2003,0.79,1
2008,0.79,0
2011,0.79,0
2013,0.78,0
2006,0.78,4
2006,0.78,0
2007,0.78,3
2009,0.78,4
2012,0.78,3
1997,0.78,1
2010,0.78,0
2008,0.78,1
2002,0.78,1
1998,0.78,3
2009,0.78,4
2009,0.77,1
2009,0.77,2
1996,0.77,1
2013,0.77,1
2008,0.77,1
2014,0.77,3
2005,0.77,1
1980,0.77,2
1999,0.77,1
2005,0.77,3
2004,0.77,0
2005,0.77,0
2014,0.76,1
2010,0.76,4
2011,0.76,1
2009,0.76,1
2001,0.76,2
2004,0.76,3
2010,0.76,1
2011,0.76,4
2014,0.76,1
2009,0.76,1
2005,0.76,2
2010,0.76,1
2006,0.76,3
2009,0.75,2
2010,0.75,2
2009,0.75,1
2012,0.75,2
2004,0.75,2
2012,0.75,2
2005,0.75,1
2004,0.75,2
2009,0.75,2
2008,0.75,2
2006,0.75,1
2014,0.75,4
2014,0.75,3
2009,0.75,2
2006,0.74,0
2001,0.74,3
2007,0.74,4
2010,0.74,2
2011,0.74,1
2002,0.74,1
2001,0.74,1
2009,0.74,2
1999,0.74,3
2007,0.74,1
2003,0.74,0
2007,0.73,1
1997,0.73,1
2004,0.73,0
2013,0.73,2
1991,0.73,0
2009,0.73,1
2005,0.73,0
2007,0.73,0
2010,0.73,1
2014,0.73,1
2009,0.73,2
2006,0.73,1
2011,0.73,0
2012,0.73,3
2009,0.73,4
2008,0.73,4
2012,0.72,1
2012,0.72,0
2002,0.72,1
2009,0.72,4
2005,0.72,4
2005,0.72,2
2012,0.72,1
2007,0.72,1
2002,0.72,1
2006,0.72,1
2001,0.72,2
2001,0.72,3
2010,0.72,2
2007,0.72,1
2011,0.72,4
2009,0.72,3
2012,0.72,0
2010,0.72,1
2007,0.72,1
2010,0.71,1
2002,0.71,1
2002,0.71,1
2013,0.71,3
2007,0.71,1
2008,0.71,1
2010,0.71,3
1997,0.71,0
2003,0.71,0
1995,0.71,3
2005,0.71,2
2008,0.71,1
2008,0.71,1
2013,0.71,3
2005,0.71,2
2014,0.71,1
2011,0.7,1
2003,0.7,2
2008,0.7,1
2001,0.7,2
2007,0.7,1
2003,0.7,3
2011,0.7,2
2004,0.7,1
1997,0.7,1
2009,0.7,2
2010,0.7,1
2014,0.7,2
2010,0.7,4
2001,0.7,0
2005,0.7,3
2000,0.7,1
2012,0.7,3
2000,0.7,1
2010,0.7,4
2008,0.7,3
2004,0.7,0
1994,0.7,0
2009,0.69,2
2007,0.69,2
1997,0.69,1
2014,0.69,2
2004,0.69,0
1998,0.69,3
2010,0.69,3
2013,0.69,4
2002,0.69,1
2011,0.69,1
2003,0.69,1
2011,0.69,1
2004,0.68,2
2014,0.68,1
2012,0.68,0
2009,0.68,2
2011,0.68,0
2003,0.68,1
2007,0.68,2
2004,0.68,1
2013,0.68,4
2005,0.68,4
2007,0.68,3
2010,0.68,0
2005,0.68,1
2006,0.68,4
2004,0.68,1
2006,0.68,3
2008,0.68,1
2008,0.67,0
2003,0.67,2
2013,0.67,1
1998,0.67,1
2006,0.67,4
2004,0.67,1
1998,0.67,3
2005,0.67,2
2008,0.67,1
1999,0.67,3
2008,0.67,4
2008,0.67,4
2008,0.67,2
2008,0.67,1
2010,0.67,4
2012,0.67,1
2010,0.67,1
2004,0.66,1
2008,0.66,4
2007,0.66,2
2003,0.66,3
1998,0.66,1
2001,0.66,1
2002,0.66,1
2009,0.66,1
2005,0.66,2
2013,0.66,4
2013,0.66,4
1998,0.66,3
2007,0.66,0
2003,0.66,1
2008,0.66,1
1982,0.66,2
2008,0.66,0
1998,0.66,3
2005,0.66,4
2009,0.66,1
2007,0.66,2
2012,0.65,1
2008,0.65,2
2008,0.65,4
2008,0.65,1
2003,0.65,0
2004,0.65,0
2002,0.65,4
2009,0.65,1
2003,0.65,0
2008,0.65,0
2007,0.65,3
1987,0.65,2
2005,0.65,1
2007,0.65,3
2014,0.65,1
2011,0.65,4
2013,0.64,1
2009,0.64,1
2014,0.64,2
2004,0.64,1
2011,0.64,4
2004,0.64,1
2003,0.64,2
2005,0.64,1
2011,0.64,1
1999,0.64,4
2009,0.64,1
2012,0.64,3
2010,0.64,3
2009,0.64,2
2005,0.64,3
2010,0.64,3
1998,0.64,0
2000,0.64,1
2007,0.64,1
2013,0.64,2
2007,0.64,0
2004,0.64,2
2009,0.64,4
2010,0.63,4
2005,0.63,2
1997,0.63,3
2009,0.63,3
2014,0.63,4
2001,0.63,2
1999,0.63,1
2002,0.63,1
2005,0.63,1
2006,0.63,2
2004,0.63,4
2009,0.63,2
2009,0.63,1
1998,0.63,2
2010,0.63,2
2012,0.63,2
2007,0.63,2
2011,0.63,4
2010,0.63,2
2002,0.63,3
2009,0.63,0
2009,0.63,2
2011,0.63,1
2014,0.63,4
2009,0.63,4
2001,0.63,1
2011,0.63,1
2000,0.63,1
2009,0.63,1
2000,0.63,2
2005,0.62,2
2010,0.62,4
2002,0.62,4
1997,0.62,3
2006,0.62,1
2014,0.62,4
2003,0.62,1
2004,0.62,1
1999,0.62,1
2012,0.62,1
2010,0.62,2
1995,0.62,0
2014,0.62,4
2006,0.61,3
2008,0.61,3
2014,0.61,1
2009,0.61,2
2013,0.61,4
2010,0.61,2
2007,0.61,0
2008,0.61,0
1998,0.61,1
2008,0.61,1
2005,0.61,1
2009,0.61,3
2007,0.61,1
2008,0.61,4
2005,0.61,0
2002,0.61,1
2005,0.61,1
2001,0.61,1
2009,0.61,2
2001,0.61,2
1999,0.61,1
2007,0.61,2
2002,0.61,0
2008,0.61,1
2010,0.61,4
2009,0.61,4
2009,0.6,0
2003,0.6,2
2011,0.6,3
2001,0.6,0
2005,0.6,1
2009,0.6,0
2009,0.6,2
2011,0.6,1
2009,0.6,3
2001,0.6,4
2009,0.6,4
2000,0.6,0
2013,0.6,2
2010,0.6,2
1998,0.6,1
2010,0.6,1
2008,0.6,1
2004,0.6,4
2010,0.6,3
2005,0.6,0
2008,0.59,1
2012,0.59,4
2011,0.59,4
1998,0.59,1
2001,0.59,3
2002,0.59,1
2009,0.59,2
2008,0.59,4
2002,0.59,1
2004,0.59,1
2007,0.59,2
2011,0.59,1
2008,0.59,1
1999,0.59,3
2008,0.59,4
2003,0.59,4
2009,0.59,1
1994,0.59,0
2007,0.58,4
1997,0.58,1
2010,0.58,2
2014,0.58,1
2004,0.58,1
2009,0.58,1
2009,0.58,1
2011,0.58,4
2014,0.58,1
2008,0.58,1
2009,0.58,4
2010,0.58,2
1997,0.58,1
1998,0.58,1
2005,0.58,4
2004,0.58,3
2004,0.58,2
2009,0.58,4
1996,0.58,0
2000,0.58,2
2002,0.58,2
2011,0.58,3
2005,0.58,1
2009,0.58,1
2010,0.58,0
2009,0.58,2
2010,0.58,0
2008,0.58,3
2009,0.58,1
1994,0.57,1
2007,0.57,2
2005,0.57,4
2008,0.57,1
2002,0.57,2
1995,0.57,3
2005,0.57,1
2010,0.57,4
2008,0.57,4
2006,0.57,4
1986,0.57,0
2011,0.57,2
2002,0.57,3
2006,0.57,1
2002,0.57,2
2003,0.57,4
2013,0.57,1
2009,0.57,4
2003,0.56,2
2007,0.56,0
2006,0.56,1
2003,0.56,1
2004,0.56,0
2003,0.56,1
2007,0.56,1
2001,0.56,3
2006,0.56,1
2006,0.56,2
2004,0.56,2
2007,0.56,0
2001,0.56,1
2007,0.56,4
2005,0.56,1
2009,0.56,2
2005,0.56,1
2000,0.56,1
2010,0.56,2
2007,0.56,2
2001,0.56,0
2005,0.56,1
2008,0.56,2
2006,0.56,4
2008,0.56,0
2008,0.56,4
2013,0.56,3
2010,0.56,1
2010,0.56,2
2006,0.56,2
2006,0.56,1
2011,0.56,3
2010,0.55,2
2014,0.55,1
2006,0.55,1
2010,0.55,1
2012,0.55,1
2005,0.55,0
1982,0.55,2
2001,0.55,3
2001,0.55,4
2012,0.55,3
2007,0.55,4
2008,0.55,3
2014,0.55,4
2008,0.55,2
2002,0.55,2
2014,0.55,2
2004,0.55,2
2008,0.55,4
1995,0.55,3
2005,0.55,3
2008,0.54,3
2007,0.54,1
2009,0.54,1
2006,0.54,1
2006,0.54,0
2010,0.54,3
2011,0.54,4
2008,0.54,0
1998,0.54,1
1998,0.54,3
2005,0.54,0
2008,0.54,4
2013,0.54,1
2012,0.54,1
2010,0.54,2
2001,0.54,1
2004,0.54,2
2006,0.54,0
2011,0.54,0
2006,0.54,2
2001,0.54,2
2003,0.54,3
2005,0.53,1
2004,0.53,3
2004,0.53,1
2000,0.53,1
2009,0.53,1
2008,0.53,1
1996,0.53,3
2005,0.53,4
2010,0.53,3
2005,0.53,1
2011,0.53,1
2005,0.53,1
2004,0.53,1
2005,0.53,3
2000,0.53,2
2007,0.53,4
2004,0.53,2
2010,0.53,1
2011,0.53,1
2010,0.53,1
2002,0.53,1
2013,0.53,2
2009,0.53,0
2014,0.53,4
1999,0.53,1
1996,0.53,0
2003,0.53,2
2005,0.52,0
2006,0.52,4
2009,0.52,4
2009,0.52,0
2006,0.52,1
2007,0.52,1
2001,0.52,3
2005,0.52,1
2002,0.52,1
2008,0.52,1
2012,0.52,3
2008,0.52,2
2000,0.52,1
2003,0.52,1
2005,0.52,2
2007,0.52,3
2006,0.52,1
2006,0.52,0
2005,0.52,1
2002,0.52,2
2004,0.52,1
2007,0.52,4
1999,0.52,3
2006,0.52,1
2001,0.52,1
2002,0.52,3
2007,0.51,4
2009,0.51,1
2001,0.51,3
2010,0.51,4
2009,0.51,4
2012,0.51,1
2009,0.51,1
2011,0.51,2
2008,0.51,0
2003,0.51,1
2006,0.51,1
2007,0.51,0
1985,0.51,0
2009,0.51,2
2010,0.51,2
2008,0.51,4
2003,0.51,1
2010,0.51,4
2007,0.51,0
2006,0.51,1
2009,0.51,1
2006,0.51,1
1988,0.51,2
1997,0.51,3
2008,0.5,1
2011,0.5,1
2006,0.5,1
1982,0.5,2
2002,0.5,2
2007,0.5,1
2006,0.5,1
2002,0.5,2
2001,0.5,0
2011,0.5,0
2007,0.5,1
2004,0.5,2
2013,0.5,1
2009,0.5,1
2010,0.5,1
2008,0.5,4
2009,0.5,2
2004,0.5,2
2005,0.5,2
2001,0.5,4
1996,0.5,3
2005,0.5,2
2006,0.49,2
2004,0.49,2
2011,0.49,3
1980,0.49,2
2004,0.49,1
2003,0.49,1
2008,0.49,1
1993,0.49,0
2009,0.49,2
2014,0.49,0
1997,0.49,1
2010,0.49,2
2010,0.49,1
2009,0.49,3
2009,0.49,2
2008,0.49,4
2011,0.49,4
2011,0.49,0
2008,0.49,4
2007,0.49,1
2008,0.49,4
2009,0.48,1
2007,0.48,4
2007,0.48,2
2006,0.48,0
2005,0.48,2
2007,0.48,1
2014,0.48,0
2004,0.48,1
2010,0.48,2
2006,0.48,1
1998,0.48,2
2010,0.48,1
2008,0.48,1
2012,0.48,1
1999,0.48,2
2000,0.48,1
2010,0.48,1
2010,0.48,0
2007,0.48,2
2005,0.48,1
2006,0.48,1
1981,0.48,2
2008,0.48,1
2008,0.48,4
2000,0.47,3
1989,0.47,2
1998,0.47,1
2002,0.47,2
2006,0.47,1
2009,0.47,1
2006,0.47,4
2010,0.47,1
2013,0.47,2
2001,0.47,3
2014,0.47,1
2008,0.47,4
2002,0.47,0
2012,0.47,1
2007,0.47,2
1998,0.47,0
2009,0.47,1
2010,0.47,1
1987,0.47,2
2006,0.47,1
2011,0.47,1
2007,0.47,2
2011,0.47,1
2014,0.47,1
2005,0.47,2
1996,0.47,1
2005,0.47,4
2005,0.47,0
2007,0.47,4
2002,0.46,2
2004,0.46,0
1999,0.46,4
2007,0.46,3
2002,0.46,2
2012,0.46,0
2006,0.46,3
2007,0.46,3
2005,0.46,4
2011,0.46,2
2006,0.46,4
1996,0.46,3
2013,0.46,2
2005,0.46,4
2014,0.46,1
2002,0.46,3
2003,0.46,3
2011,0.46,1
2009,0.46,3
2008,0.46,1
2000,0.46,2
2007,0.46,1
2006,0.46,1
2009,0.46,4
2013,0.46,4
2003,0.46,0
2009,0.46,2
2010,0.46,1
1995,0.46,3
2011,0.46,3
2007,0.45,2
2004,0.45,1
2012,0.45,2
2012,0.45,3
2008,0.45,4
2006,0.45,1
2014,0.45,4
2008,0.45,2
1985,0.45,2
2004,0.45,1
2003,0.45,2
2010,0.45,2
2007,0.45,4
1998,0.45,2
2009,0.45,2
2009,0.45,3
2009,0.45,0
2000,0.45,0
2014,0.45,1
2007,0.45,4
2007,0.45,2
2009,0.45,2
2009,0.45,3
2010,0.45,3
2009,0.45,1
2007,0.45,2
1994,0.45,3
2004,0.45,1
2002,0.45,1
2008,0.45,1
2004,0.45,0
2013,0.45,4
2005,0.44,3
1999,0.44,1
2004,0.44,2
2005,0.44,2
2012,0.44,2
2004,0.44,1
2003,0.44,1
2006,0.44,1
2002,0.44,1
2005,0.44,1
2003,0.44,0
2011,0.44,1
2011,0.44,4
2008,0.44,4
2007,0.44,4
2009,0.44,0
2007,0.44,4
2007,0.44,2
2000,0.44,3
2003,0.44,0
2012,0.44,4
2002,0.44,0
2009,0.44,3
2011,0.44,4
2006,0.44,0
2002,0.44,2
2004,0.43,0
2003,0.43,3
2001,0.43,1
2004,0.43,1
2008,0.43,2
2001,0.43,1
2013,0.43,1
2014,0.43,4
2003,0.43,1
2010,0.43,1
2003,0.43,1
2001,0.43,3
1981,0.43,2
2010,0.43,1
2010,0.43,2
2007,0.43,1
1997,0.43,0
2008,0.43,4
2004,0.43,3
2013,0.43,1
1996,0.43,3
2007,0.43,1
2006,0.43,4
2008,0.43,1
2002,0.43,1
2009,0.43,1
2012,0.43,2
2009,0.43,2
2007,0.43,4
2011,0.43,4
2009,0.43,2
2014,0.43,2
2002,0.42,1
2003,0.42,1
2003,0.42,1
2009,0.42,2
2003,0.42,3
1999,0.42,3
2005,0.42,2
2004,0.42,0
2007,0.42,1
2010,0.42,1
2006,0.42,4
2001,0.42,1
2004,0.42,4
2004,0.42,2
2005,0.42,1
1999,0.42,3
2001,0.42,0
2004,0.42,1
2008,0.42,3
2006,0.42,4
2008,0.42,2
2005,0.42,1
2009,0.42,4
2008,0.42,2
2010,0.42,4
2006,0.42,1
2007,0.42,0
2010,0.42,1
2004,0.42,1
2003,0.41,3
2003,0.41,3
2001,0.41,4
1998,0.41,2
2010,0.41,3
2005,0.41,4
2000,0.41,3
2012,0.41,1
2009,0.41,2
2006,0.41,2
2009,0.41,4
2009,0.41,1
2012,0.41,1
2008,0.41,2
2002,0.41,3
1999,0.41,0
2008,0.41,1
2007,0.41,3
1997,0.41,3
2012,0.41,2
2014,0.41,2
2010,0.41,1
2009,0.41,2
2013,0.41,0
2006,0.41,1
2006,0.41,3
2006,0.41,2
2008,0.41,1
2011,0.41,4
2009,0.41,2
1995,0.41,0
2001,0.41,4
2000,0.41,1
2005,0.41,1
2012,0.41,1
2009,0.41,4
2002,0.41,2
2003,0.4,3
2001,0.4,3
2014,0.4,0
2007,0.4,4
2007,0.4,2
2012,0.4,2
2003,0.4,1
2005,0.4,0
1997,0.4,3
2005,0.4,0
2014,0.4,4
2014,0.4,1
2007,0.4,4
1999,0.4,0
2010,0.4,1
2007,0.4,2
2005,0.4,3
2004,0.4,1
1999,0.4,1
2006,0.4,0
2010,0.4,2
2014,0.4,0
2002,0.4,2
2001,0.4,1
2000,0.4,3
2003,0.4,3
2010,0.4,1
2010,0.4,1
2004,0.4,2
2013,0.39,4
2005,0.39,2
1998,0.39,1
2008,0.39,2
2008,0.39,1
2002,0.39,0
2011,0.39,1
2008,0.39,4
2008,0.39,1
1981,0.39,2
2008,0.39,2
2006,0.39,3
2004,0.39,0
2013,0.39,4
2012,0.39,3
2009,0.39,1
2011,0.39,0
2005,0.39,0
2010,0.39,1
2011,0.39,4
2003,0.39,1
2004,0.39,1
2000,0.39,0
2005,0.39,0
2009,0.39,4
2003,0.39,3
2008,0.39,2
2000,0.39,4
2012,0.39,2
2012,0.39,4
2005,0.39,2
2006,0.39,2
2008,0.39,4
2003,0.39,4
2013,0.39,1
2007,0.39,4
2011,0.39,1
2005,0.39,1
2005,0.39,4
2007,0.39,1
2009,0.39,2
2003,0.39,1
2007,0.38,4
1991,0.38,0
1998,0.38,0
2009,0.38,4
2001,0.38,3
2002,0.38,4
2007,0.38,1
2011,0.38,4
2007,0.38,1
2005,0.38,1
2014,0.38,1
1994,0.38,3
2003,0.38,1
2010,0.38,1
2006,0.38,0
2008,0.38,1
2011,0.38,2
2010,0.38,1
1999,0.38,3
2009,0.38,2
2007,0.38,1
2003,0.38,0
2000,0.38,3
2014,0.38,4
2008,0.38,2
2010,0.38,2
2008,0.38,4
2010,0.38,2
2004,0.38,3
2010,0.38,1
2004,0.38,1
2005,0.38,2
2008,0.37,4
2008,0.37,4
2012,0.37,4
2009,0.37,1
2008,0.37,1
2005,0.37,2
1994,0.37,3
2006,0.37,4
2008,0.37,4
2004,0.37,2
2010,0.37,4
2010,0.37,1
2011,0.37,1
2007,0.37,2
1998,0.37,3
2004,0.37,0
2012,0.37,1
2009,0.37,1
2007,0.37,1
2002,0.37,0
2006,0.37,2
2005,0.37,1
2006,0.37,1
2005,0.37,0
2011,0.37,1
2011,0.37,2
2013,0.37,2
2007,0.37,1
2006,0.37,1
2009,0.36,2
2004,0.36,1
2010,0.36,4
2008,0.36,1
2013,0.36,1
2008,0.36,3
2010,0.36,2
1997,0.36,2
2002,0.36,0
2001,0.36,3
2009,0.36,4
2012,0.36,4
1997,0.36,0
2000,0.36,3
1997,0.36,0
2001,0.36,2
2009,0.36,2
2001,0.36,2
2013,0.36,2
2009,0.36,4
2012,0.36,2
2003,0.36,3
2002,0.36,1
2010,0.36,1
2008,0.36,1
2009,0.36,1
2009,0.35,4
2007,0.35,3
1998,0.35,3
2006,0.35,0
1996,0.35,0
2007,0.35,0
2003,0.35,4
2002,0.35,2
2014,0.35,0
1993,0.35,0
2008,0.35,1
2013,0.35,2
2010,0.35,4
2011,0.35,1
2006,0.35,1
2010,0.35,3
2009,0.35,2
2008,0.35,2
2005,0.35,4
2004,0.35,1
2000,0.35,4
2007,0.35,1
2006,0.35,3
2006,0.35,2
2008,0.35,1
1998,0.34,3
2009,0.34,4
2007,0.34,0
2004,0.34,0
2014,0.34,2
1980,0.34,2
2011,0.34,1
2009,0.34,3
1983,0.34,2
2004,0.34,1
2011,0.34,4
2007,0.34,2
2009,0.34,1
2011,0.34,4
2011,0.34,1
2006,0.34,1
1997,0.34,3
2014,0.34,4
1998,0.34,3
2013,0.34,2
2008,0.34,4
2008,0.34,1
2011,0.34,1
2010,0.34,3
2007,0.34,3
2012,0.34,3
1996,0.34,1
2006,0.33,4
2009,0.33,2
2011,0.33,0
2003,0.33,4
1998,0.33,3
2006,0.33,4
2011,0.33,2
2004,0.33,3
2009,0.33,3
2009,0.33,2
2007,0.33,0
2005,0.33,1
2007,0.33,4
2001,0.33,3
2008,0.33,4
2002,0.33,3
2001,0.33,1
2006,0.33,3
2009,0.33,1
2012,0.33,1
2002,0.33,2
2005,0.33,2
2011,0.33,3
2008,0.33,1
2009,0.33,3
2001,0.33,3
2004,0.33,0
2006,0.33,1
2008,0.33,1
1998,0.33,2
2010,0.33,2
2005,0.33,2
2007,0.33,1
2009,0.33,3
2009,0.33,4
2008,0.33,3
2011,0.33,4
2000,0.33,3
2013,0.33,2
2010,0.33,1
2005,0.33,1
2007,0.33,1
1996,0.33,1
2007,0.33,3
2005,0.33,1
2005,0.33,0
2014,0.33,3
2011,0.33,1
1999,0.32,1
2012,0.32,1
2009,0.32,1
2001,0.32,3
2005,0.32,1
2010,0.32,1
1996,0.32,1
1997,0.32,3
2005,0.32,2
1999,0.32,4
2010,0.32,4
2005,0.32,4
2009,0.32,1
2003,0.32,4
2000,0.32,3
2000,0.32,4
1995,0.32,0
2000,0.32,1
1997,0.32,3
1995,0.32,1
2008,0.32,4
2008,0.32,4
2002,0.32,4
2005,0.32,1
2009,0.32,1
2003,0.32,2
2001,0.32,1
2008,0.32,1
2009,0.32,1
2010,0.32,2
2007,0.32,2
2002,0.32,3
2009,0.32,2
2007,0.32,3
2011,0.31,4
1997,0.31,1
1995,0.31,3
2003,0.31,1
1999,0.31,0
2005,0.31,1
2007,0.31,2
2005,0.31,4
2010,0.31,2
2007,0.31,3
2003,0.31,3
1998,0.31,3
2005,0.31,4
1999,0.31,1
1998,0.31,2
2001,0.31,0
2010,0.31,1
2008,0.31,2
2002,0.31,4
2005,0.31,3
2005,0.31,2
2005,0.31,1
2008,0.31,4
2010,0.31,2
2006,0.31,1
2006,0.31,4
2012,0.31,1
2002,0.31,1
2012,0.31,3
1998,0.31,3
2007,0.31,1
2001,0.31,3
2002,0.31,2
2009,0.31,4
2013,0.31,2
1999,0.31,2
2009,0.31,2
2001,0.31,0
2000,0.31,3
2002,0.31,3
2000,0.31,2
2009,0.3,4
2005,0.3,2
1995,0.3,0
2007,0.3,0
2014,0.3,0
1995,0.3,3
2011,0.3,4
2011,0.3,2
2010,0.3,2
2005,0.3,3
2006,0.3,0
1997,0.3,3
2010,0.3,3
2006,0.3,3
2007,0.3,2
2011,0.3,2
2004,0.3,1
2011,0.3,4
2008,0.3,0
2008,0.3,0
1999,0.3,2
2009,0.3,1
2007,0.3,1
2000,0.3,4
2005,0.3,1
2000,0.3,4
2007,0.3,4
2011,0.3,4
2007,0.3,2
2014,0.3,1
2011,0.3,2
2003,0.3,1
2011,0.3,4
2012,0.3,2
2006,0.3,1
2009,0.3,2
1997,0.3,1
2009,0.3,2
2004,0.3,2
2005,0.3,0
2008,0.3,1
2011,0.29,4
2002,0.29,4
2006,0.29,3
2005,0.29,2
2003,0.29,1
2007,0.29,1
2014,0.29,3
2013,0.29,4
2014,0.29,2
2007,0.29,4
2005,0.29,1
2007,0.29,0
2005,0.29,1
2009,0.29,2
2008,0.29,3
2011,0.29,1
2012,0.29,3
1983,0.29,2
2009,0.29,4
2011,0.29,4
2011,0.29,3
2013,0.29,2
2009,0.29,4
2012,0.29,1
1999,0.29,0
1999,0.29,0
1999,0.29,1
2004,0.29,1
2012,0.29,0
2007,0.29,1
2003,0.29,4
1996,0.29,3
2011,0.29,2
2004,0.29,1
2009,0.29,1
2007,0.29,2
2007,0.29,4
1996,0.29,3
2003,0.29,4
1999,0.29,3
2011,0.29,2
2007,0.29,1
2012,0.29,2
1996,0.29,1
2011,0.29,0
2010,0.29,2
2003,0.29,0
2009,0.28,2
2003,0.28,4
2008,0.28,3
2012,0.28,3
2003,0.28,2
2000,0.28,4
2010,0.28,1
2002,0.28,2
2001,0.28,2
2010,0.28,2
2005,0.28,2
2008,0.28,3
2005,0.28,1
2009,0.28,4
2006,0.28,0
1999,0.28,1
2013,0.28,1
2003,0.28,1
1991,0.28,0
1991,0.28,0
2007,0.28,4
2013,0.28,1
2007,0.28,3
2007,0.28,3
2012,0.28,0
2007,0.28,2
2010,0.28,1
2002,0.28,4
1998,0.28,3
2004,0.28,1
2011,0.28,1
2014,0.28,4
2011,0.28,2
2012,0.28,2
2006,0.28,2
2010,0.28,2
2011,0.28,3
1998,0.28,2
2009,0.28,2
2005,0.28,2
2010,0.28,2
2009,0.28,2
2012,0.28,1
2003,0.28,0
2006,0.28,1
2012,0.28,1
2008,0.28,4
1998,0.28,1
2005,0.28,2
2008,0.28,1
2002,0.28,4
2010,0.28,4
2000,0.28,0
2009,0.28,0
2007,0.27,0
2007,0.27,1
2010,0.27,2
2005,0.27,1
2009,0.27,1
2009,0.27,1
2010,0.27,4
1984,0.27,2
2010,0.27,3
2004,0.27,3
2003,0.27,0
2004,0.27,4
2011,0.27,4
2006,0.27,1
2006,0.27,1
1980,0.27,2
2011,0.27,4
2006,0.27,2
2010,0.27,4
2002,0.27,1
2005,0.27,1
2008,0.27,2
2001,0.27,1
1999,0.27,0
2011,0.27,4
2012,0.27,0
2005,0.27,4
2007,0.27,1
2013,0.27,1
2005,0.27,2
2001,0.27,2
2011,0.27,2
2001,0.27,0
2003,0.27,1
2002,0.27,1
1999,0.27,1
2010,0.27,0
2010,0.27,0
2011,0.27,2
1999,0.27,2
2006,0.27,1
2007,0.27,1
2009,0.27,4
2000,0.27,3
2002,0.27,1
2011,0.27,2
2006,0.27,1
1996,0.27,3
2014,0.27,2
2006,0.27,1
2007,0.27,4
2008,0.27,4
2009,0.27,4
2006,0.27,4
2012,0.27,2
2006,0.26,3
2014,0.26,4
2005,0.26,4
2010,0.26,1
2009,0.26,1
1996,0.26,3
2007,0.26,4
1997,0.26,3
2007,0.26,0
2010,0.26,4
2011,0.26,0
2006,0.26,0
2005,0.26,1
2012,0.26,4
2000,0.26,2
2002,0.26,4
2010,0.26,4
2004,0.26,1
2014,0.26,2
2009,0.26,2
1996,0.26,2
2007,0.26,1
2009,0.26,2
2010,0.26,2
2001,0.26,4
2014,0.26,2
2009,0.26,1
2007,0.26,4
2009,0.26,2
2009,0.26,3
2004,0.26,0
2004,0.26,0
2005,0.26,4
2013,0.26,1
2005,0.26,1
2002,0.26,3
2008,0.26,4
2012,0.26,3
2004,0.26,2
2002,0.26,1
1999,0.26,0
2008,0.26,1
2010,0.26,4
2004,0.26,2
1999,0.26,1
2003,0.26,3
2005,0.26,0
2001,0.26,3
2004,0.26,1
2001,0.25,4
2007,0.25,1
2008,0.25,4
2010,0.25,2
2008,0.25,1
2011,0.25,4
2005,0.25,2
2002,0.25,1
2009,0.25,4
1999,0.25,4
2007,0.25,2
2012,0.25,2
2008,0.25,2
2007,0.25,1
2011,0.25,4
2013,0.25,1
2001,0.25,2
2005,0.25,1
2008,0.25,2
2002,0.25,3
2011,0.25,2
2008,0.25,1
2005,0.25,1
2000,0.25,4
2003,0.25,4
1997,0.25,4
1999,0.25,0
2003,0.25,1
1996,0.25,3
2005,0.25,1
2006,0.25,0
2009,0.25,2
2006,0.25,4
2011,0.25,2
2009,0.25,2
2010,0.25,4
2009,0.25,4
2005,0.25,4
1999,0.25,4
2010,0.25,3
2000,0.25,1
2009,0.25,1
2006,0.25,4
2001,0.25,3
2009,0.25,2
2007,0.25,1
1999,0.25,1
2010,0.25,1
1996,0.25,3
2005,0.25,2
2007,0.25,4
2002,0.25,0
2011,0.25,4
2004,0.25,0
2004,0.25,0
2005,0.24,4
2010,0.24,2
2014,0.24,4
2010,0.24,2
2009,0.24,4
1997,0.24,3
2005,0.24,3
2008,0.24,1
2012,0.24,1
2009,0.24,2
1995,0.24,3
2009,0.24,4
2005,0.24,1
2006,0.24,4
2005,0.24,4
2005,0.24,0
2010,0.24,4
2010,0.24,2
2005,0.24,1
2013,0.24,2
2008,0.24,1
2005,0.24,4
2007,0.24,2
2001,0.24,1
2012,0.24,1
2009,0.24,4
2007,0.24,2
2009,0.24,1
2006,0.24,1
2009,0.24,2
2011,0.24,1
2003,0.24,1
2005,0.24,2
2005,0.24,2
2004,0.24,0
2003,0.24,3
2011,0.24,2
2009,0.24,4
2003,0.24,3
2009,0.24,1
2008,0.24,2
2013,0.24,0
1995,0.24,1
2000,0.24,3
2009,0.24,0
2009,0.24,1
2006,0.24,1
1988,0.24,2
2011,0.24,2
2007,0.24,1
2008,0.23,2
2008,0.23,1
2013,0.23,4
2007,0.23,2
2003,0.23,1
2002,0.23,1
2005,0.23,1
2005,0.23,0
2011,0.23,2
2011,0.23,4
2005,0.23,1
2009,0.23,3
2011,0.23,3
2002,0.23,2
2003,0.23,4
2008,0.23,2
2009,0.23,4
2002,0.23,3
2008,0.23,4
2001,0.23,4
2000,0.23,3
2013,0.23,1
2010,0.23,0
2005,0.23,1
2007,0.23,1
2011,0.23,2
2001,0.23,3
2014,0.23,1
2008,0.23,4
2007,0.23,2
1992,0.23,0
2007,0.23,2
2007,0.23,0
2005,0.23,3
2011,0.23,2
2007,0.23,2
2008,0.23,4
2006,0.23,0
2009,0.23,2
2003,0.23,1
2003,0.23,2
1991,0.23,0
2002,0.23,1
2009,0.23,1
2012,0.23,3
2008,0.23,1
2003,0.23,3
2007,0.23,3
2011,0.23,4
1996,0.23,0
2002,0.23,3
2002,0.23,3
2005,0.23,1
2008,0.23,4
2008,0.22,1
2004,0.22,1
2009,0.22,4
2011,0.22,1
2001,0.22,4
2004,0.22,1
2004,0.22,0
2008,0.22,4
2008,0.22,4
2008,0.22,2
2006,0.22,2
2008,0.22,4
2010,0.22,4
2012,0.22,4
2009,0.22,4
2004,0.22,1
2014,0.22,2
2009,0.22,4
2009,0.22,1
2008,0.22,1
2005,0.22,1
2009,0.22,2
1997,0.22,0
2008,0.22,1
2009,0.22,1
2003,0.22,1
2002,0.22,0
2012,0.22,0
2005,0.22,3
2002,0.22,2
2006,0.22,1
2005,0.22,0
1999,0.22,3
1999,0.22,1
2013,0.22,1
2005,0.22,2
2006,0.22,4
2010,0.22,2
2010,0.21,0
2004,0.21,4
2011,0.21,3
2005,0.21,3
2009,0.21,4
2011,0.21,2
2014,0.21,2
2011,0.21,2
1999,0.21,1
2004,0.21,4
2007,0.21,1
2002,0.21,4
2005,0.21,2
2004,0.21,2
2005,0.21,1
2010,0.21,1
2009,0.21,1
2007,0.21,4
2001,0.21,1
2014,0.21,2
2005,0.21,4
2011,0.21,2
2005,0.21,4
2010,0.21,3
2005,0.21,2
2012,0.21,0
2012,0.21,2
2003,0.21,1
2000,0.21,3
2001,0.21,1
2008,0.21,2
2005,0.21,1
2012,0.21,4
2010,0.21,0
2002,0.21,1
2008,0.21,2
2014,0.21,4
2007,0.21,1
2002,0.21,1
2008,0.21,2
2005,0.21,1
1998,0.21,3
2001,0.21,4
2012,0.21,2
2009,0.21,1
2009,0.21,4
2012,0.21,0
2009,0.21,4
2006,0.21,1
2010,0.21,3
2003,0.21,2
2010,0.2,4
2010,0.2,2
2007,0.2,4
2000,0.2,0
2014,0.2,1
2008,0.2,3
2005,0.2,1
2008,0.2,4
2011,0.2,4
2012,0.2,0
2010,0.2,3
2004,0.2,2
2009,0.2,2
2003,0.2,4
2012,0.2,3
2003,0.2,2
2009,0.2,4
2005,0.2,1
2001,0.2,4
2013,0.2,2
2009,0.2,4
2007,0.2,2
2004,0.2,1
1998,0.2,3
2003,0.2,1
2010,0.2,4
2003,0.2,3
2000,0.2,4
1997,0.2,2
2000,0.2,2
2006,0.2,3
2011,0.2,2
2005,0.2,3
2002,0.2,2
2006,0.2,1
2005,0.2,1
2000,0.2,4
1996,0.2,3
2004,0.2,2
2004,0.2,1
2008,0.2,4
2007,0.2,2
2003,0.2,2
2011,0.2,4
2009,0.2,1
2005,0.2,1
2014,0.2,4
2006,0.2,4
2008,0.2,2
2011,0.2,2
2005,0.2,4
2011,0.2,3
2005,0.2,1
2000,0.2,4
2009,0.2,2
2004,0.2,4
2012,0.2,2
2001,0.2,3
2005,0.19,3
2012,0.19,0
2009,0.19,2
2005,0.19,4
2009,0.19,4
2001,0.19,4
2006,0.19,4
2002,0.19,3
2005,0.19,4
2009,0.19,2
2010,0.19,1
2010,0.19,2
2002,0.19,0
2011,0.19,1
2008,0.19,1
2009,0.19,4
2003,0.19,1
2009,0.19,2
2010,0.19,2
2003,0.19,1
2013,0.19,1
2013,0.19,4
2008,0.19,4
2008,0.19,3
2001,0.19,3
2002,0.19,1
2003,0.19,3
2011,0.19,1
2009,0.19,4
2011,0.19,1
2012,0.19,2
2009,0.19,3
2009,0.19,4
2011,0.19,1
2013,0.19,4
2008,0.19,2
2002,0.19,1
2011,0.19,1
2010,0.19,4
2011,0.19,2
2010,0.19,4
2007,0.19,1
2002,0.19,2
2009,0.19,0
1997,0.19,3
2004,0.19,1
2011,0.19,2
2006,0.19,0
2009,0.19,2
2010,0.19,4
2004,0.19,0
2005,0.19,3
2007,0.19,0
2008,0.19,2
2012,0.19,1
2000,0.19,3
2001,0.19,2
2005,0.19,2
2009,0.19,2
2003,0.19,1
2006,0.19,0
2009,0.19,2
2006,0.19,1
2007,0.19,4
2011,0.19,2
2011,0.19,3
2012,0.18,1
2010,0.18,4
2006,0.18,4
2007,0.18,1
2002,0.18,1
2000,0.18,1
2003,0.18,3
2009,0.18,2
1991,0.18,0
2003,0.18,3
2014,0.18,4
2010,0.18,2
1997,0.18,3
2011,0.18,4
2009,0.18,2
2005,0.18,3
2011,0.18,2
2002,0.18,2
2005,0.18,2
2011,0.18,2
2010,0.18,4
2006,0.18,1
2004,0.18,0
1996,0.18,3
2007,0.18,2
2010,0.18,1
2004,0.18,2
2005,0.18,1
2001,0.18,4
2007,0.18,2
2013,0.18,0
2005,0.18,2
2009,0.18,3
2008,0.18,2
2011,0.18,2
2012,0.18,4
2003,0.18,1
2008,0.18,2
2001,0.18,1
2001,0.18,4
2003,0.18,3
2008,0.18,1
2003,0.18,1
2008,0.18,1
2011,0.18,4
2008,0.18,1
2003,0.18,1
2007,0.18,4
2005,0.17,3
2009,0.17,4
2009,0.17,4
2006,0.17,4
2008,0.17,2
2002,0.17,3
2011,0.17,2
2004,0.17,3
2008,0.17,1
2008,0.17,1
2006,0.17,2
2005,0.17,2
2011,0.17,3
2009,0.17,2
2005,0.17,1
2006,0.17,0
2001,0.17,3
1996,0.17,3
2008,0.17,2
2007,0.17,3
2006,0.17,1
2007,0.17,2
2009,0.17,3
2008,0.17,3
2012,0.17,2
2005,0.17,1
2014,0.17,2
2003,0.17,1
2004,0.17,0
2010,0.17,4
2010,0.17,4
2004,0.17,1
2009,0.17,2
2005,0.17,1
2007,0.17,2
2003,0.17,1
2004,0.17,3
2011,0.17,4
2010,0.17,2
2002,0.17,1
2006,0.17,0
2000,0.17,4
2007,0.17,4
2005,0.17,3
2006,0.17,0
2002,0.17,2
2011,0.17,4
1996,0.17,0
2008,0.17,2
2008,0.17,3
2010,0.17,2
1997,0.17,0
2002,0.17,0
2012,0.17,1
2008,0.17,1
2010,0.17,2
2002,0.16,3
2009,0.16,2
2004,0.16,3
2008,0.16,2
2010,0.16,1
2000,0.16,1
2005,0.16,0
2007,0.16,2
2012,0.16,2
2003,0.16,4
1995,0.16,3
2009,0.16,4
2007,0.16,2
2005,0.16,1
2007,0.16,4
2005,0.16,0
2005,0.16,2
2003,0.16,4
2012,0.16,2
2003,0.16,2
2006,0.16,2
2009,0.16,2
2008,0.16,4
2000,0.16,4
1999,0.16,2
2000,0.16,0
1998,0.16,4
2009,0.16,4
2014,0.16,4
2011,0.16,4
2008,0.16,4
2011,0.16,3
2011,0.16,1
2010,0.16,4
2011,0.16,3
1995,0.16,1
2000,0.16,3
2012,0.16,4
2007,0.16,4
2003,0.16,0
2011,0.16,1
1996,0.16,1
2010,0.16,4
2007,0.16,1
1995,0.16,3
2003,0.16,1
2013,0.16,2
2009,0.16,2
2012,0.16,0
1996,0.16,4
2005,0.16,4
2004,0.16,1
2008,0.16,2
2009,0.16,2
2009,0.16,4
2005,0.16,2
1996,0.16,1
2010,0.16,4
2002,0.16,2
1999,0.15,3
1996,0.15,3
2005,0.15,1
2009,0.15,2
2011,0.15,4
2009,0.15,2
2006,0.15,1
2002,0.15,1
2003,0.15,1
1999,0.15,3
1982,0.15,2
2011,0.15,4
2000,0.15,3
2009,0.15,2
2007,0.15,4
2000,0.15,2
2010,0.15,2
2003,0.15,4
1997,0.15,3
2005,0.15,3
2007,0.15,1
2011,0.15,1
2001,0.15,1
2001,0.15,3
2007,0.15,2
2008,0.15,3
2001,0.15,1
2010,0.15,2
2014,0.15,3
2011,0.15,3
2008,0.15,2
2008,0.15,1
2009,0.15,4
1998,0.15,2
1995,0.15,0
2007,0.15,2
2007,0.15,2
2006,0.15,2
2011,0.15,2
2005,0.15,4
2008,0.15,4
2005,0.15,0
1998,0.15,3
2009,0.15,1
2005,0.15,4
2007,0.15,4
2005,0.15,1
2001,0.15,2
2000,0.15,4
2006,0.15,1
2012,0.15,4
2003,0.15,1
2010,0.15,3
1997,0.15,3
2003,0.15,4
2010,0.15,2
2010,0.15,2
2001,0.15,3
2008,0.15,1
2004,0.15,1
1995,0.15,3
2013,0.15,2
2007,0.14,4
2009,0.14,2
2003,0.14,4
1998,0.14,3
2009,0.14,0
2009,0.14,1
2009,0.14,1
2010,0.14,1
2006,0.14,4
2011,0.14,2
2002,0.14,0
2005,0.14,2
2000,0.14,4
2004,0.14,1
2007,0.14,1
2007,0.14,4
2005,0.14,1
2007,0.14,4
2001,0.14,2
2001,0.14,3
1997,0.14,3
2005,0.14,3
2002,0.14,1
2014,0.14,4
2004,0.14,0
2002,0.14,1
2000,0.14,3
2008,0.14,1
2002,0.14,3
2007,0.14,4
2005,0.14,1
2005,0.14,3
2010,0.14,2
2012,0.14,4
2011,0.14,4
2001,0.14,3
2008,0.14,3
1997,0.14,3
2002,0.14,1
1995,0.14,3
2002,0.14,3
2009,0.14,4
2007,0.14,2
2012,0.14,2
2011,0.14,2
2010,0.14,1
2011,0.14,1
2012,0.14,2
2011,0.14,4
2012,0.14,3
2009,0.14,2
2010,0.14,1
2004,0.14,3
2005,0.14,1
2002,0.14,4
2006,0.14,3
2006,0.14,2
1995,0.14,3
2009,0.14,1
2010,0.14,4
2005,0.14,1
2009,0.14,1
2008,0.14,4
2008,0.14,4
2006,0.14,0
2004,0.14,1
2010,0.14,1
2001,0.14,3
1997,0.14,3
2002,0.14,4
2001,0.14,3
2006,0.14,0
2006,0.14,4
2011,0.14,2
2010,0.14,4
2004,0.14,1
2010,0.14,4
2008,0.14,2
2011,0.14,4
2009,0.14,2
2003,0.14,2
2008,0.14,4
2009,0.13,4
2010,0.13,4
2003,0.13,1
2002,0.13,4
2002,0.13,2
1995,0.13,3
2012,0.13,2
2005,0.13,4
2009,0.13,2
2007,0.13,3
2010,0.13,2
2012,0.13,2
2011,0.13,3
2008,0.13,2
2008,0.13,4
2004,0.13,4
2006,0.13,2
2000,0.13,4
2014,0.13,2
2002,0.13,1
2006,0.13,4
2004,0.13,3
2008,0.13,2
2005,0.13,4
2005,0.13,1
2007,0.13,3
2013,0.13,4
1993,0.13,0
2009,0.13,4
2006,0.13,2
2005,0.13,4
2000,0.13,0
2012,0.13,4
2006,0.13,2
2011,0.13,1
2002,0.13,2
2009,0.13,2
2008,0.13,3
2011,0.13,2
2006,0.13,1
2013,0.13,3
2005,0.13,3
2003,0.13,4
2006,0.13,4
2006,0.13,2
2011,0.13,4
2009,0.13,4
1995,0.13,3
2007,0.13,3
2011,0.13,4
2004,0.13,1
2001,0.13,1
2010,0.13,2
2013,0.13,1
2008,0.13,4
2004,0.13,0
2005,0.13,4
2007,0.13,1
1999,0.13,4
2011,0.13,4
2011,0.13,4
2008,0.13,2
2009,0.13,2
2009,0.13,1
2002,0.13,2
2002,0.13,1
2002,0.13,2
2011,0.13,4
2010,0.13,2
2009,0.13,4
2009,0.13,4
2011,0.13,4
2003,0.13,1
2014,0.13,2
2004,0.13,3
2009,0.13,2
2008,0.12,1
2012,0.12,4
2008,0.12,2
2011,0.12,3
2002,0.12,1
2011,0.12,4
2004,0.12,1
2002,0.12,1
2002,0.12,4
2013,0.12,4
2013,0.12,2
1998,0.12,2
2004,0.12,2
2006,0.12,0
2005,0.12,1
2013,0.12,1
2006,0.12,3
2009,0.12,2
2009,0.12,4
2010,0.12,3
2001,0.12,1
2005,0.12,3
2011,0.12,1
2003,0.12,1
2008,0.12,4
2004,0.12,1
1999,0.12,4
2003,0.12,2
2008,0.12,4
2010,0.12,4
2010,0.12,3
2008,0.12,1
1999,0.12,4
2007,0.12,4
2011,0.12,2
2007,0.12,4
2010,0.12,3
2008,0.12,4
2006,0.12,4
2011,0.12,2
2006,0.12,1
2011,0.12,4
2003,0.12,2
2010,0.12,2
2011,0.12,3
2011,0.12,4
2005,0.12,4
2007,0.12,2
2013,0.12,2
2009,0.12,1
2011,0.12,2
2011,0.12,2
2000,0.12,1
2008,0.12,1
2004,0.12,4
2011,0.12,1
2007,0.12,4
1998,0.12,3
2011,0.12,1
2013,0.12,4
2011,0.12,2
2009,0.12,4
1995,0.12,3
2007,0.12,0
2010,0.12,4
2002,0.12,1
2011,0.12,1
2005,0.12,1
2010,0.11,4
2004,0.11,2
2006,0.11,1
2010,0.11,2
2011,0.11,1
2008,0.11,1
2009,0.11,3
2012,0.11,0
2006,0.11,1
2002,0.11,4
2005,0.11,1
2008,0.11,1
2007,0.11,4
2008,0.11,4
2014,0.11,0
2010,0.11,1
2010,0.11,2
2011,0.11,3
2003,0.11,4
2011,0.11,4
2005,0.11,1
2005,0.11,4
2010,0.11,0
2009,0.11,4
2008,0.11,2
2007,0.11,4
2011,0.11,3
2006,0.11,4
2012,0.11,4
2002,0.11,4
2007,0.11,0
2002,0.11,4
2011,0.11,2
2007,0.11,2
2002,0.11,2
2013,0.11,4
2011,0.11,4
2008,0.11,4
2006,0.11,3
2003,0.11,2
2006,0.11,0
2008,0.11,0
2005,0.11,3
2006,0.11,1
1999,0.11,4
2000,0.11,2
2011,0.11,4
2004,0.11,0
2006,0.11,2
2011,0.11,4
2002,0.11,2
2009,0.11,1
2009,0.11,2
2004,0.11,1
2006,0.11,1
2007,0.11,4
2009,0.11,1
2011,0.11,4
2009,0.11,0
2011,0.11,2
2008,0.11,3
2011,0.11,2
2013,0.11,2
2014,0.11,2
1995,0.11,3
2005,0.11,0
2009,0.11,2
2010,0.11,2
2010,0.11,4
2005,0.11,0
2005,0.11,1
2006,0.11,1
2009,0.11,2
2010,0.11,4
2006,0.11,3
2003,0.11,1
2007,0.11,2
1995,0.11,3
2006,0.11,2
2002,0.11,2
2010,0.11,3
2006,0.11,2
2005,0.11,1
2009,0.11,4
1995,0.11,3
2014,0.11,4
2010,0.11,3
2005,0.11,2
2011,0.1,2
2009,0.1,4
2009,0.1,4
2003,0.1,1
2013,0.1,4
2012,0.1,0
2011,0.1,4
2005,0.1,4
2000,0.1,0
2010,0.1,4
2006,0.1,3
2005,0.1,3
2006,0.1,3
2002,0.1,3
2004,0.1,2
2010,0.1,2
2004,0.1,3
2003,0.1,4
2005,0.1,3
2007,0.1,1
2010,0.1,3
2002,0.1,4
2005,0.1,1
1999,0.1,2
2007,0.1,2
2008,0.1,2
2007,0.1,4
2003,0.1,1
2011,0.1,2
2006,0.1,2
2004,0.1,2
2002,0.1,2
2006,0.1,0
2007,0.1,2
2009,0.1,2
2008,0.1,2
2010,0.1,4
2012,0.1,2
2012,0.1,2
2001,0.1,4
2004,0.1,2
2008,0.1,1
2007,0.1,2
2008,0.1,2
2002,0.1,2
2008,0.1,2
2004,0.1,4
2008,0.1,2
2001,0.1,0
2000,0.1,4
2008,0.1,2
2010,0.1,1
2002,0.1,4
2003,0.1,4
2011,0.1,1
1997,0.1,3
2004,0.1,4
2006,0.1,2
1994,0.1,3
2006,0.1,4
2011,0.1,2
2009,0.1,4
2007,0.1,4
2009,0.1,0
2010,0.1,2
2002,0.1,1
2004,0.1,4
2010,0.1,2
2009,0.1,1
2004,0.1,0
2009,0.1,2
2011,0.1,4
2004,0.1,2
1996,0.1,2
2005,0.1,3
2010,0.1,2
2004,0.1,0
2008,0.1,1
2010,0.1,1
2011,0.1,2
2007,0.1,3
2011,0.1,2
2008,0.1,0
2006,0.1,4
2011,0.1,4
2010,0.1,4
2002,0.1,2
2006,0.1,1
2002,0.09,1
2005,0.09,4
2000,0.09,3
2005,0.09,2
2009,0.09,2
2011,0.09,4
2010,0.09,3
2011,0.09,1
2008,0.09,1
1998,0.09,1
1997,0.09,3
1995,0.09,0
2014,0.09,2
2010,0.09,2
2005,0.09,3
2013,0.09,2
2002,0.09,1
1995,0.09,1
2008,0.09,3
2011,0.09,2
1996,0.09,3
2012,0.09,0
2009,0.09,1
2006,0.09,4
2000,0.09,4
2007,0.09,1
2008,0.09,4
2006,0.09,1
2005,0.09,1
2005,0.09,4
2003,0.09,3
2009,0.09,3
2005,0.09,2
1995,0.09,3
2002,0.09,1
2011,0.09,4
2000,0.09,1
2010,0.09,1
2003,0.09,3
2005,0.09,1
2008,0.09,3
1998,0.09,1
2000,0.09,4
2013,0.09,0
2005,0.09,2
1997,0.09,3
2007,0.09,4
2009,0.09,3
2009,0.09,1
2008,0.09,1
2000,0.09,3
2011,0.09,4
2009,0.09,1
2011,0.09,2
2011,0.09,2
2009,0.09,1
2007,0.09,0
2005,0.09,4
2001,0.09,2
2010,0.09,2
2006,0.09,2
2013,0.09,4
2008,0.09,4
2005,0.09,2
2009,0.09,4
2000,0.09,3
2006,0.09,0
2008,0.09,4
2003,0.09,4
1998,0.09,1
2001,0.09,4
2009,0.09,4
2011,0.09,1
2008,0.09,2
2000,0.09,3
2009,0.09,4
2014,0.09,0
2007,0.08,1
2010,0.08,3
2008,0.08,3
2004,0.08,0
2009,0.08,2
2007,0.08,4
2005,0.08,1
1994,0.08,1
2004,0.08,0
2005,0.08,1
2005,0.08,4
2011,0.08,2
2005,0.08,2
1998,0.08,4
2006,0.08,1
2010,0.08,2
2010,0.08,4
2000,0.08,4
2008,0.08,4
2003,0.08,1
2006,0.08,1
2006,0.08,4
1995,0.08,3
2002,0.08,1
2009,0.08,4
2006,0.08,3
2009,0.08,2
2005,0.08,4
2008,0.08,1
2004,0.08,1
2005,0.08,1
2009,0.08,4
2010,0.08,2
2009,0.08,4
2004,0.08,4
2010,0.08,4
2009,0.08,4
2002,0.08,1
2010,0.08,2
2006,0.08,4
2012,0.08,2
1999,0.08,3
2001,0.08,4
2010,0.08,1
2002,0.08,2
2003,0.08,1
2005,0.08,1
2010,0.08,2
2004,0.08,0
2009,0.08,3
2005,0.08,4
2004,0.08,0
2011,0.08,4
1995,0.08,3
2007,0.08,2
2005,0.08,3
2010,0.08,2
2008,0.08,4
2014,0.08,2
2008,0.08,1
2002,0.08,4
2010,0.08,2
2007,0.08,3
2007,0.08,3
2004,0.08,3
2012,0.08,4
2002,0.08,1
2009,0.08,4
2010,0.08,3
2007,0.08,4
1998,0.08,1
2002,0.08,4
2004,0.08,4
2011,0.08,1
2007,0.08,1
2005,0.08,3
2004,0.08,2
2004,0.08,1
2012,0.08,1
2004,0.08,1
2006,0.08,4
2012,0.08,4
2006,0.08,3
2008,0.08,0
2009,0.08,3
2006,0.08,4
2011,0.08,4
2006,0.08,4
2008,0.08,0
2008,0.08,2
2008,0.08,4
2006,0.08,1
2008,0.08,2
2010,0.07,3
2008,0.07,2
2004,0.07,0
2003,0.07,4
2011,0.07,2
2001,0.07,3
2006,0.07,4
2003,0.07,2
2011,0.07,1
2011,0.07,2
2003,0.07,1
2007,0.07,4
2010,0.07,4
2003,0.07,4
1998,0.07,3
2003,0.07,4
2013,0.07,3
2010,0.07,2
2011,0.07,4
1995,0.07,1
2001,0.07,4
2005,0.07,0
2005,0.07,4
2009,0.07,0
2003,0.07,2
2005,0.07,4
2007,0.07,0
2000,0.07,0
2004,0.07,0
2006,0.07,3
2006,0.07,4
2007,0.07,1
2003,0.07,1
2006,0.07,3
2003,0.07,1
2007,0.07,1
2003,0.07,4
2014,0.07,2
1997,0.07,3
2005,0.07,4
2008,0.07,4
2004,0.07,1
2008,0.07,2
2004,0.07,2
2011,0.07,2
2007,0.07,1
2004,0.07,0
1995,0.07,1
1994,0.07,3
2003,0.07,3
1999,0.07,3
2004,0.07,1
2013,0.07,2
2010,0.07,0
2008,0.07,2
2003,0.07,1
2014,0.07,2
2005,0.07,1
2010,0.07,2
2008,0.07,4
2006,0.07,0
2008,0.07,4
2003,0.07,4
2010,0.07,2
2006,0.07,2
1998,0.07,3
2014,0.07,2
2008,0.07,1
2009,0.07,4
2010,0.07,3
2004,0.07,2
2006,0.07,3
2012,0.07,3
2011,0.07,1
2009,0.06,4
2007,0.06,1
2005,0.06,4
2002,0.06,1
2002,0.06,1
2003,0.06,1
2006,0.06,2
1997,0.06,3
2004,0.06,4
2009,0.06,0
2005,0.06,4
2001,0.06,1
2007,0.06,4
2002,0.06,1
2004,0.06,0
2014,0.06,3
2004,0.06,3
2004,0.06,4
2002,0.06,4
2005,0.06,0
2014,0.06,2
2011,0.06,3
2006,0.06,4
2010,0.06,2
2011,0.06,2
2011,0.06,2
2005,0.06,2
2013,0.06,2
2011,0.06,2
2008,0.06,4
2005,0.06,4
2009,0.06,4
2011,0.06,2
2009,0.06,4
2002,0.06,4
2003,0.06,4
2007,0.06,2
2011,0.06,3
2003,0.06,4
2011,0.06,0
2011,0.06,4
2000,0.06,1
1998,0.06,4
2002,0.06,4
2006,0.06,2
1992,0.06,1
2009,0.06,1
2008,0.06,2
2010,0.06,1
2010,0.06,4
2009,0.06,3
2006,0.06,1
2002,0.06,2
2006,0.06,0
2011,0.06,4
2010,0.06,2
2007,0.06,2
2010,0.06,3
2007,0.06,1
2009,0.06,1
2002,0.06,4
2006,0.06,4
2005,0.06,1
2008,0.06,4
2014,0.06,2
2001,0.06,1
2009,0.06,3
2004,0.06,1
2009,0.06,1
2006,0.06,4
2007,0.06,3
2005,0.06,1
2001,0.06,3
2003,0.06,2
1999,0.06,1
2006,0.06,1
2005,0.06,1
1997,0.06,3
2002,0.06,2
2013,0.06,3
2005,0.06,0
2000,0.06,4
2006,0.06,1
2009,0.06,4
2004,0.06,4
1997,0.06,3
2004,0.06,2
2006,0.06,2
2005,0.06,3
2002,0.05,4
2007,0.05,1
2011,0.05,4
2002,0.05,3
2002,0.05,1
2006,0.05,3
2001,0.05,3
2008,0.05,4
2004,0.05,1
2003,0.05,4
2010,0.05,4
2010,0.05,2
2010,0.05,4
1995,0.05,1
2003,0.05,2
2010,0.05,4
2007,0.05,1
2002,0.05,4
2005,0.05,4
2002,0.05,4
2002,0.05,2
2002,0.05,3
2010,0.05,3
2006,0.05,0
2001,0.05,4
2003,0.05,1
2002,0.05,1
2009,0.05,4
2005,0.05,2
2014,0.05,4
2006,0.05,2
2006,0.05,0
2003,0.05,4
1995,0.05,3
2005,0.05,1
1999,0.05,4
2003,0.05,2
2006,0.05,1
2008,0.05,4
2009,0.05,2
2012,0.05,0
2006,0.05,2
2001,0.05,4
2003,0.05,1
1998,0.05,2
2004,0.05,3
2005,0.05,1
2003,0.05,2
2004,0.05,4
2005,0.05,2
2006,0.05,1
2002,0.05,1
2009,0.05,1
2000,0.05,1
2008,0.05,4
2007,0.05,4
2009,0.05,0
2006,0.05,2
2013,0.05,3
1995,0.05,1
2010,0.05,4
1996,0.05,1
2013,0.05,2
2005,0.05,4
2011,0.05,1
2007,0.05,4
2008,0.05,2
2006,0.05,3
2002,0.05,4
2001,0.05,3
2009,0.05,2
2006,0.05,3
2013,0.05,2
2008,0.05,3
2001,0.05,4
2006,0.05,0
2009,0.05,4
2009,0.05,4
2010,0.05,3
2003,0.05,2
2013,0.05,2
2008,0.04,4
2006,0.04,2
2006,0.04,2
2002,0.04,4
2009,0.04,4
2008,0.04,0
2006,0.04,4
2000,0.04,3
2005,0.04,4
2006,0.04,1
2009,0.04,0
2006,0.04,3
2004,0.04,4
2006,0.04,4
2007,0.04,1
2002,0.04,4
2002,0.04,2
2006,0.04,1
2002,0.04,1
2006,0.04,1
2011,0.04,0
2007,0.04,4
2002,0.04,1
2001,0.04,1
2011,0.04,4
2006,0.04,0
2006,0.04,4
2005,0.04,3
2012,0.04,4
2004,0.04,1
2002,0.04,2
1999,0.04,4
2010,0.04,4
2009,0.04,3
2014,0.04,3
2002,0.04,4
2009,0.04,4
2007,0.04,4
2010,0.04,4
2007,0.04,4
2004,0.04,0
2011,0.04,3
2007,0.04,4
2009,0.04,1
1997,0.04,1
2002,0.04,4
2010,0.04,1
2005,0.04,2
2006,0.04,1
1998,0.04,1
2007,0.04,1
2009,0.04,4
2005,0.04,3
2001,0.04,4
2004,0.04,1
1997,0.04,1
2012,0.04,4
2002,0.04,2
2006,0.04,2
2008,0.04,3
2007,0.04,4
2006,0.04,0
2007,0.04,1
2002,0.04,4
2002,0.04,2
2006,0.04,3
2007,0.04,4
2010,0.04,3
2005,0.04,4
2009,0.04,4
2006,0.04,4
2006,0.04,3
2009,0.04,4
2010,0.04,4
2003,0.04,2
2014,0.04,4
2013,0.03,2
2001,0.03,2
2006,0.03,2
2006,0.03,2
2005,0.03,2
2003,0.03,4
2002,0.03,3
2006,0.03,3
2007,0.03,4
2006,0.03,4
2005,0.03,0
2005,0.03,2
2009,0.03,4
2003,0.03,4
2006,0.03,1
2010,0.03,4
2014,0.03,4
2006,0.03,1
2007,0.03,0
2010,0.03,4
2007,0.03,3
1985,0.03,2
2009,0.03,3
2010,0.03,3
2002,0.03,1
2003,0.03,4
2007,0.03,0
2003,0.03,4
2010,0.03,4
2009,0.03,1
2001,0.03,4
2006,0.03,0
2008,0.03,4
2007,0.03,3
2007,0.03,4
2014,0.03,2
2009,0.03,4
2006,0.03,4
2008,0.03,3
2008,0.03,2
2009,0.03,2
2001,0.03,4
2009,0.03,3
2008,0.03,2
2007,0.03,3
2004,0.03,1
2003,0.03,1
2007,0.03,4
2006,0.03,0
2009,0.03,2
2010,0.03,3
2010,0.03,0
2004,0.03,4
2008,0.03,4
2004,0.03,1
2000,0.03,3
2011,0.03,3
2006,0.03,4
2008,0.03,4
2009,0.03,3
2008,0.03,1
2006,0.03,2
2009,0.03,3
2014,0.03,2
2007,0.03,1
2006,0.03,1
1995,0.03,3
2006,0.03,1
2007,0.03,1
2006,0.03,1
2014,0.03,2
2010,0.03,4
2009,0.03,1
2006,0.03,4
2002,0.03,1
2009,0.03,2
2006,0.03,3
2005,0.02,1
2007,0.02,4
2007,0.02,2
2014,0.02,2
2011,0.02,2
2008,0.02,4
2002,0.02,3
2007,0.02,1
2008,0.02,4
2008,0.02,2
1998,0.02,2
2009,0.02,4
2008,0.02,1
2006,0.02,4
2009,0.02,4
2005,0.02,3
2009,0.02,2
2014,0.02,1
2013,0.02,3
2003,0.02,4
2005,0.02,2
2008,0.02,1
2006,0.02,1
2004,0.02,4
2005,0.02,1
2008,0.02,1
2006,0.02,3
2008,0.02,2
2006,0.02,1
2007,0.02,2
1995,0.02,3
2007,0.02,1
2014,0.02,2
2007,0.02,4
2006,0.02,1
2002,0.02,4
2006,0.02,3
2014,0.02,3
2008,0.02,1
2006,0.02,1
2008,0.02,1
2007,0.02,2
2008,0.02,3
2008,0.02,1
2009,0.02,2
2011,0.02,4
2003,0.02,4
2003,0.02,4
2011,0.02,4
2006,0.02,1
2012,0.02,4
2002,0.02,4
2008,0.02,1
2010,0.02,2
2006,0.02,2
2014,0.02,4
2006,0.02,3
2008,0.02,4
2006,0.02,2
2006,0.02,4
2006,0.02,4
2002,0.02,4
2002,0.02,4
2009,0.02,1
2010,0.02,1
2007,0.02,1
2010,0.02,0
2012,0.02,2
2003,0.02,1
2007,0.02,2
2005,0.02,4
2011,0.02,3
2009,0.02,3
2007,0.02,4
2007,0.01,1
2003,0.01,2
2008,0.01,0
2006,0.01,4
2006,0.01,4
2007,0.01,1
2008,0.01,4
2006,0.01,3
2006,0.01,4
2005,0.01,2
2011,0.01,0
2012,0.01,1
2002,0.01,1
2004,0.01,1
2007,0.01,1
2011,0.01,3
2009,0.01,1
2009,0.01,3
2008,0.01,4
2007,0.01,2
2006,0.01,2
2007,0.01,0
2007,0.01,4
2014,0.01,4
2002,0.01,4
2007,0.01,4
2010,0.01,3
2006,0.01,2
2002,0.01,1
2007,0.01,2
2003,0.01,4
2008,0.01,1
2007,0.01,4
2012,0.01,3
2014,0.01,2
2013,0.01,2
2006,0.01,1
2008,0.01,2
2001,0.01,4
2008,0.01,0
2010,0.01,2
2014,0.01,4
2008,0.01,4
2012,0.01,2
2009,0.01,1
2007,0.01,4
1995,0.01,1
2006,0.01,3
2003,0.01,4
2004,0.01,4
2008,0.01,2
